9000;1770348564.8681118;state_change;accepted_messages=1
9000;1770348564.868258;state_change;known_nodes=[]
9000;1770348603.765622;state_change;accepted_messages=1
9000;1770348603.7658439;state_change;known_nodes=[]
9004;1770348604.287599;state_change;accepted_messages=1
9004;1770348604.287811;state_change;known_nodes=[9000]
9002;1770348604.799684;state_change;accepted_messages=1
9002;1770348604.8000882;state_change;known_nodes=[9000]
9000;1770348604.8080509;state_change;accepted_messages=2
9000;1770348604.8082628;state_change;known_nodes=[9004]
9002;1770348605.312761;state_change;accepted_messages=2
9002;1770348605.3130162;state_change;known_nodes=[9000]
9002;1770348605.318325;state_change;accepted_messages=3
9002;1770348605.318486;state_change;known_nodes=[9000, 9004]
9001;1770348605.319655;state_change;accepted_messages=1
9001;1770348605.319824;state_change;known_nodes=[9002]
9004;1770348605.826475;state_change;accepted_messages=2
9004;1770348605.8269;state_change;known_nodes=[9000]
9003;1770348605.830933;state_change;accepted_messages=1
9003;1770348605.831147;state_change;known_nodes=[9002]
9002;1770348605.837186;state_change;accepted_messages=4
9002;1770348605.837367;state_change;known_nodes=[9000, 9004, 9001]
9002;1770348606.334767;state_change;accepted_messages=5
9002;1770348606.335063;state_change;known_nodes=[9000, 9004, 9001]
9001;1770348606.340595;state_change;accepted_messages=2
9001;1770348606.3407948;state_change;known_nodes=[9002]
9000;1770348606.3462741;state_change;accepted_messages=3
9000;1770348606.346454;state_change;known_nodes=[9004, 9001]
9001;1770348606.3477619;state_change;accepted_messages=3
9001;1770348606.3480241;state_change;known_nodes=[9002, 9003]
9003;1770348606.8436549;state_change;accepted_messages=2
9003;1770348606.843921;state_change;known_nodes=[9002, 9004]
9000;1770348606.850244;state_change;accepted_messages=4
9000;1770348606.8505769;state_change;known_nodes=[9004, 9001, 9002]
9003;1770348606.851437;state_change;accepted_messages=3
9003;1770348606.851688;state_change;known_nodes=[9002, 9004, 9000]
9004;1770348606.8539898;state_change;accepted_messages=3
9004;1770348606.854202;state_change;known_nodes=[9000, 9003]
9002;1770348606.9694772;state_change;background_hits=1
9004;1770348606.9727108;state_change;background_hits=1
9003;1770348606.9740522;state_change;background_hits=1
9000;1770348606.974198;state_change;background_hits=1
9001;1770348606.9742012;state_change;background_hits=1
9000;1770348607.361778;state_change;accepted_messages=5
9000;1770348607.36221;state_change;known_nodes=[9004, 9001, 9002]
9004;1770348607.363848;state_change;accepted_messages=4
9004;1770348607.364481;state_change;known_nodes=[9000, 9003]
9002;1770348607.365043;state_change;accepted_messages=6
9002;1770348607.365462;state_change;known_nodes=[9000, 9004, 9001]
9001;1770348607.869306;state_change;accepted_messages=4
9001;1770348607.86949;state_change;known_nodes=[9002, 9003]
9001;1770348607.8723671;state_change;accepted_messages=5
9001;1770348607.872489;state_change;known_nodes=[9002, 9003, 9004]
9000;1770348607.872679;state_change;accepted_messages=6
9000;1770348607.8727748;state_change;known_nodes=[9004, 9001, 9002]
9004;1770348608.3789499;state_change;accepted_messages=5
9004;1770348608.379135;state_change;known_nodes=[9000, 9003, 9002]
9002;1770348608.380801;state_change;accepted_messages=7
9002;1770348608.380935;state_change;known_nodes=[9000, 9004, 9001]
9001;1770348608.885747;state_change;accepted_messages=6
9001;1770348608.8859332;state_change;known_nodes=[9002, 9003, 9004]
9002;1770348608.8862212;state_change;accepted_messages=8
9002;1770348608.886343;state_change;known_nodes=[9000, 9004, 9001]
9004;1770348608.8884711;state_change;accepted_messages=6
9004;1770348608.888574;state_change;known_nodes=[9000, 9003, 9002]
9003;1770348609.3953989;state_change;accepted_messages=4
9003;1770348609.395892;state_change;known_nodes=[9002, 9004, 9000]
9004;1770348609.397904;state_change;accepted_messages=7
9004;1770348609.3983538;state_change;known_nodes=[9000, 9003, 9002, 9001]
9001;1770348609.478623;pull_request_received;0
9003;1770348609.479608;pull_request_received;0
9003;1770348609.479755;pull_request_received;0
9000;1770348609.482293;pull_request_received;0
9004;1770348609.4844742;pull_request_received;0
